id,name,department,managerId
8,Wegszf,L,12
9,Utbv,V,10
10,Xqohza,R,
11,Gvfd,M,
12,Imgoqu,D,
13,Orpvwm,D,12
14,Zlmmsd,F,10
15,Ywfyvi,V,12
16,Cteu,B,12
17,Hfckk,I,10
18,Aardwlz,W,12
19,Izhw,I,11
20,Rxkjvq,N,12
21,Pfdezz,B,11
22,Lnvvap,D,11
23,Xsr,Q,12
24,Enzsu,G,12
25,Vgldk,Q,10
26,Xqg,B,11
27,Jrvfd,G,10
28,Kigjgg,B,11
29,Dotn,W,10
30,Mtiqmrf,B,12
31,Optaqm,G,12
32,Ldmre,U,11
33,Xqvyrj,Z,12
34,Xbope,Y,12
35,Wdkozp,B,12
36,Rnwe,T,11
37,Qbn,U,12
38,Osoq,L,12
39,Dbf,B,12
40,Deq,M,11
41,Zelnb,P,11
42,Mus,Y,11
43,Ywpb,F,12
44,Vkhdzm,G,11
45,Oaw,J,10
46,Inj,Z,12
